index,filename,filepath,type
1,ff1.mp4,assets/ff1.mp4,ff
2,ff2.mp4,assets/ff2.mp4,ff
3,ff3.mp4,assets/ff3.mp4,ff
4,ff4.mp4,assets/ff4.mp4,ff
5,ff5.mp4,assets/ff5.mp4,ff
6,ff6.mp4,assets/ff6.mp4,ff
7,ff7.mp4,assets/ff7.mp4,ff
8,ff8.mp4,assets/ff8.mp4,ff
9,ff9.mp4,assets/ff9.mp4,ff
10,fm1.mp4,assets/fm1.mp4,fm
11,fm2.mp4,assets/fm2.mp4,fm
12,fm3.mp4,assets/fm3.mp4,fm
13,fm4.mp4,assets/fm4.mp4,fm
14,fm5.mp4,assets/fm5.mp4,fm
15,fm6.mp4,assets/fm6.mp4,fm
16,fm7.mp4,assets/fm7.mp4,fm
17,fm8.mp4,assets/fm8.mp4,fm
18,fm9.mp4,assets/fm9.mp4,fm
